{
    "source_dir": "outputs/sds",
    "outputs/sds/A_dog_sitting_on_grass.png": 0.2969450056552887,
    "outputs/sds/A_car_on_the_road.png": 0.29720762372016907,
    "outputs/sds/A_burger_on_the_table.png": 0.2828516364097595,
    "outputs/sds/a_cat_sitting_on_a_table.png": 0.2884172201156616,
    "outputs/sds/A_church_beside_a_lake.png": 0.3426535427570343,
    "outputs/sds/A_cabin_surrounded_by_forests.png": 0.28501155972480774,
    "outputs/sds/a_boat_in_a_river.png": 0.2801116704940796,
    "outputs/sds/A_castle_next_to_a_river.png": 0.2849794626235962,
    "outputs/sds/A_villa_close_to_the_pool.png": 0.28415945172309875,
    "outputs/sds/A_red_bus_driving_on_a_desert_road.png": 0.3675588071346283,
    "score": 0.3009895980358124
}